{"cameraMode":{"drawMode":0,"name":"Shaded","section":"Shading Mode"},"sceneLighting":false,"audioPlay":false,"sceneViewState":{"showFog":true,"showMaterialUpdate":false,"showSkybox":true,"showFlares":true,"showImageEffects":true,"showParticleSystems":true},"in2DMode":false,"pivot":{"x":-1.968243956565857,"y":1.0331571102142335,"z":-3.214567184448242},"rotation":{"x":0.1262573003768921,"y":-0.7811194062232971,"z":0.16771507263183595,"w":0.5880333781242371},"size":9.604690551757813,"orthographic":false}